{
  "id": "2917929",
  "name": "网易云音乐",
  "font_family": "iconfont",
  "css_prefix_text": "icon-",
  "description": "",
  "glyphs": [
    {
      "icon_id": "6776386",
      "name": "声音_实体",
      "font_class": "shengyin_shiti",
      "unicode": "eca5",
      "unicode_decimal": 60581
    },
    {
      "icon_id": "23251554",
      "name": "网易云音乐logo",
      "font_class": "logView",
      "unicode": "e602",
      "unicode_decimal": 58882
    },
    {
      "icon_id": "1029",
      "name": "音乐",
      "font_class": "yinle",
      "unicode": "e601",
      "unicode_decimal": 58881
    },
    {
      "icon_id": "11391498",
      "name": "歌单",
      "font_class": "gedan",
      "unicode": "e636",
      "unicode_decimal": 58934
    },
    {
      "icon_id": "21303003",
      "name": "专辑",
      "font_class": "zhuanji",
      "unicode": "e6b5",
      "unicode_decimal": 59061
    },
    {
      "icon_id": "595349",
      "name": "评论",
      "font_class": "pinglun",
      "unicode": "e609",
      "unicode_decimal": 58889
    },
    {
      "icon_id": "10937697",
      "name": "赞",
      "font_class": "good",
      "unicode": "e62a",
      "unicode_decimal": 58922
    },
    {
      "icon_id": "7594048",
      "name": "24gl-play",
      "font_class": "24gl-play",
      "unicode": "ea6d",
      "unicode_decimal": 60013
    },
    {
      "icon_id": "18336447",
      "name": "分享",
      "font_class": "fenxiang",
      "unicode": "e608",
      "unicode_decimal": 58888
    },
    {
      "icon_id": "1917162",
      "name": "音量",
      "font_class": "sound",
      "unicode": "e810",
      "unicode_decimal": 59408
    },
    {
      "icon_id": "122163",
      "name": "笑脸",
      "font_class": "smiling",
      "unicode": "e63f",
      "unicode_decimal": 58943
    },
    {
      "icon_id": "654295",
      "name": "笑脸",
      "font_class": "xiaolian",
      "unicode": "e627",
      "unicode_decimal": 58919
    },
    {
      "icon_id": "688062",
      "name": "地球 全球",
      "font_class": "diqiuquanqiu",
      "unicode": "e76c",
      "unicode_decimal": 59244
    },
    {
      "icon_id": "720987",
      "name": "咖啡",
      "font_class": "xiazai47",
      "unicode": "e61d",
      "unicode_decimal": 58909
    },
    {
      "icon_id": "2471410",
      "name": "主题",
      "font_class": "zhuti",
      "unicode": "e682",
      "unicode_decimal": 59010
    },
    {
      "icon_id": "5085205",
      "name": "咖啡",
      "font_class": "kafei",
      "unicode": "e60a",
      "unicode_decimal": 58890
    },
    {
      "icon_id": "5652682",
      "name": "风格",
      "font_class": "fengge",
      "unicode": "e618",
      "unicode_decimal": 58904
    },
    {
      "icon_id": "8361820",
      "name": "咖啡",
      "font_class": "kafei1",
      "unicode": "e6c9",
      "unicode_decimal": 59081
    },
    {
      "icon_id": "12184892",
      "name": "笑脸",
      "font_class": "xiaolian1",
      "unicode": "e688",
      "unicode_decimal": 59016
    },
    {
      "icon_id": "22628543",
      "name": "菜单、主题、选择",
      "font_class": "caidan",
      "unicode": "e616",
      "unicode_decimal": 58902
    },
    {
      "icon_id": "6129217",
      "name": "173会员、皇冠、冠军-线性",
      "font_class": "huiyuanhuangguanguanjun-xianxing",
      "unicode": "e7aa",
      "unicode_decimal": 59306
    },
    {
      "icon_id": "24478194",
      "name": "展开",
      "font_class": "zhankai",
      "unicode": "e7a2",
      "unicode_decimal": 59298
    },
    {
      "icon_id": "1279450",
      "name": "收起",
      "font_class": "shouqi",
      "unicode": "e664",
      "unicode_decimal": 58980
    },
    {
      "icon_id": "3082979",
      "name": "网易云",
      "font_class": "wangyiyun",
      "unicode": "e617",
      "unicode_decimal": 58903
    },
    {
      "icon_id": "4956726",
      "name": "网易云",
      "font_class": "wangyiyun1",
      "unicode": "e6d0",
      "unicode_decimal": 59088
    },
    {
      "icon_id": "8033788",
      "name": "网易云音乐",
      "font_class": "wangyiyunyinle",
      "unicode": "eaaf",
      "unicode_decimal": 60079
    },
    {
      "icon_id": "12431529",
      "name": "网易云音乐",
      "font_class": "wangyiyunyinle1",
      "unicode": "e60f",
      "unicode_decimal": 58895
    },
    {
      "icon_id": "25231738",
      "name": "网易云音乐",
      "font_class": "wangyiyunyinleclick",
      "unicode": "e600",
      "unicode_decimal": 58880
    },
    {
      "icon_id": "11372639",
      "name": "爱心",
      "font_class": "aixin",
      "unicode": "e8ab",
      "unicode_decimal": 59563
    },
    {
      "icon_id": "11372697",
      "name": "声音关闭",
      "font_class": "shengyinguanbi",
      "unicode": "e8b8",
      "unicode_decimal": 59576
    },
    {
      "icon_id": "11372700",
      "name": "声音",
      "font_class": "shengyin",
      "unicode": "e8b9",
      "unicode_decimal": 59577
    },
    {
      "icon_id": "11372701",
      "name": "收藏",
      "font_class": "shoucang",
      "unicode": "e8ba",
      "unicode_decimal": 59578
    },
    {
      "icon_id": "11372756",
      "name": "爱心",
      "font_class": "aixin1",
      "unicode": "e8c3",
      "unicode_decimal": 59587
    },
    {
      "icon_id": "11372758",
      "name": "点赞",
      "font_class": "dianzan",
      "unicode": "e8c4",
      "unicode_decimal": 59588
    },
    {
      "icon_id": "15838431",
      "name": "arrow-right",
      "font_class": "arrow-right",
      "unicode": "e665",
      "unicode_decimal": 58981
    },
    {
      "icon_id": "15838561",
      "name": "arrow-left-bold",
      "font_class": "arrow-left-bold",
      "unicode": "e685",
      "unicode_decimal": 59013
    },
    {
      "icon_id": "1159898",
      "name": "随机播放",
      "font_class": "suijibofang",
      "unicode": "e622",
      "unicode_decimal": 58914
    },
    {
      "icon_id": "1277092",
      "name": "顺序播放",
      "font_class": "shunxubofang",
      "unicode": "e606",
      "unicode_decimal": 58886
    },
    {
      "icon_id": "1488893",
      "name": "单曲循环",
      "font_class": "danquxunhuan",
      "unicode": "e607",
      "unicode_decimal": 58887
    },
    {
      "icon_id": "1769930",
      "name": "循环",
      "font_class": "xunhuan",
      "unicode": "e6a9",
      "unicode_decimal": 59049
    },
    {
      "icon_id": "2076214",
      "name": "暂停",
      "font_class": "zanting",
      "unicode": "e87a",
      "unicode_decimal": 59514
    },
    {
      "icon_id": "2076218",
      "name": "播放2",
      "font_class": "bofang",
      "unicode": "e87c",
      "unicode_decimal": 59516
    },
    {
      "icon_id": "3105872",
      "name": "循环播放",
      "font_class": "xunhuanbofang",
      "unicode": "e637",
      "unicode_decimal": 58935
    },
    {
      "icon_id": "5203233",
      "name": "单循环",
      "font_class": "danxunhuan",
      "unicode": "e61c",
      "unicode_decimal": 58908
    },
    {
      "icon_id": "5876981",
      "name": "列表顺序",
      "font_class": "liebiaoshunxu",
      "unicode": "e802",
      "unicode_decimal": 59394
    },
    {
      "icon_id": "5876983",
      "name": "单曲循环",
      "font_class": "danquxunhuan1",
      "unicode": "e803",
      "unicode_decimal": 59395
    },
    {
      "icon_id": "7417088",
      "name": "随机播放",
      "font_class": "suijibofang1",
      "unicode": "e603",
      "unicode_decimal": 58883
    },
    {
      "icon_id": "7594081",
      "name": "24gl-shuffle",
      "font_class": "24gl-shuffle",
      "unicode": "ea75",
      "unicode_decimal": 60021
    },
    {
      "icon_id": "7594088",
      "name": "24gl-repeatOnce2",
      "font_class": "24gl-repeatOnce2",
      "unicode": "ea76",
      "unicode_decimal": 60022
    },
    {
      "icon_id": "8341784",
      "name": "上一首",
      "font_class": "shangyishou",
      "unicode": "e63c",
      "unicode_decimal": 58940
    },
    {
      "icon_id": "8341786",
      "name": "下一首",
      "font_class": "xiayishou",
      "unicode": "e63e",
      "unicode_decimal": 58942
    },
    {
      "icon_id": "18963837",
      "name": "顺序播放",
      "font_class": "shunxubofang1",
      "unicode": "e6a1",
      "unicode_decimal": 59041
    },
    {
      "icon_id": "23442193",
      "name": "icon__业务系统顺序配置",
      "font_class": "icon__yewuxitongshunxupeizhi",
      "unicode": "e628",
      "unicode_decimal": 58920
    }
  ]
}
